{
    "app-id" : "moe.wawa.femboydownloader",
    "runtime" : "org.gnome.Platform",
    "runtime-version" : "48",
    "sdk" : "org.gnome.Sdk",
    "command" : "femboydownloader",
    "finish-args" : [
        "--share=network",
        "--share=ipc",
        "--socket=fallback-x11",
        "--device=dri",
        "--socket=wayland",
        "--filesystem=host"
    ],
    "cleanup" : [
        "/include",
        "/lib/pkgconfig",
        "/man",
        "/share/doc",
        "/share/gtk-doc",
        "/share/man",
        "/share/pkgconfig",
        "*.la",
        "*.a"
    ],
    "modules" : [
        "python3-modules.json",
        {
            "name" : "femboydownloader",
            "builddir" : true,
            "buildsystem" : "meson",
            "sources" : [
                {
                    "type" : "dir",
                    "path" : "."
                }
            ]
        }
    ]
}
