{
    "name": "python3-modules",
    "buildsystem": "simple",
    "build-commands": [],
    "modules": [
        {
            "name": "python3-requests",
            "buildsystem": "simple",
            "build-commands": [
                "pip3 install --verbose --exists-action=i --no-index --find-links=\"file://${PWD}\" --prefix=${FLATPAK_DEST} \"requests\" --no-build-isolation"
            ],
            "sources": [
                {
                    "type": "file",
                    "url": "https://files.pythonhosted.org/packages/e5/48/1549795ba7742c948d2ad169c1c8cdbae65bc450d6cd753d124b17c8cd32/certifi-2025.8.3-py3-none-any.whl",
                    "sha256": "f6c12493cfb1b06ba2ff328595af9350c65d6644968e5d3a2ffd78699af217a5"
                },
                {
                    "type": "file",
                    "url": "https://files.pythonhosted.org/packages/83/2d/5fd176ceb9b2fc619e63405525573493ca23441330fcdaee6bef9460e924/charset_normalizer-3.4.3.tar.gz",
                    "sha256": "6fce4b8500244f6fcb71465d4a4930d132ba9ab8e71a7859e6a5d59851068d14"
                },
                {
                    "type": "file",
                    "url": "https://files.pythonhosted.org/packages/76/c6/c88e154df9c4e1a2a66ccf0005a88dfb2650c1dffb6f5ce603dfbd452ce3/idna-3.10-py3-none-any.whl",
                    "sha256": "946d195a0d259cbba61165e88e65941f16e9b36ea6ddb97f00452bae8b1287d3"
                },
                {
                    "type": "file",
                    "url": "https://files.pythonhosted.org/packages/1e/db/4254e3eabe8020b458f1a747140d32277ec7a271daf1d235b70dc0b4e6e3/requests-2.32.5-py3-none-any.whl",
                    "sha256": "2462f94637a34fd532264295e186976db0f5d453d1cdd31473c85a6a161affb6"
                },
                {
                    "type": "file",
                    "url": "https://files.pythonhosted.org/packages/a7/c2/fe1e52489ae3122415c51f387e221dd0773709bad6c6cdaa599e8a2c5185/urllib3-2.5.0-py3-none-any.whl",
                    "sha256": "e6b01673c0fa6a13e374b50871808eb3bf7046c4b125b216f6bf1cc604cff0dc"
                }
            ]
        },
        {
            "name": "python3-pillow",
            "buildsystem": "simple",
            "build-commands": [
                "pip3 install --verbose --exists-action=i --no-index --find-links=\"file://${PWD}\" --prefix=${FLATPAK_DEST} \"pillow\" --no-build-isolation"
            ],
            "sources": [
                {
                    "type": "file",
                    "url": "https://files.pythonhosted.org/packages/f3/0d/d0d6dea55cd152ce3d6767bb38a8fc10e33796ba4ba210cbab9354b6d238/pillow-11.3.0.tar.gz",
                    "sha256": "3828ee7586cd0b2091b6209e5ad53e20d0649bbe87164a459d0676e035e8f523"
                }
            ]
        }
    ]
}